{
  "0": {
    "size": 40174,
    "percentage": 26.441396377422073,
    "token_indices": [
      149463,
      150914,
      150538,
      150306,
      151090,
      151036,
      150901,
      149414,
      151490,
      150276
    ],
    "distances": [
      5.674220561981201,
      5.693874359130859,
      5.724524021148682,
      5.737206935882568,
      5.7435712814331055,
      5.744955539703369,
      5.777389049530029,
      5.798017501831055,
      5.801867485046387,
      5.80702543258667
    ],
    "representative_text": "\ucf1a\ub6e9\u155b\uc215\ud4f7\uca7b\ub441\ud229\ud07b\ub65d",
    "meaningful_text": "\ucf1a\ub6e9\u155b\uc215\ud4f7\uca7b\ub441\ud229\ud07b\ub65d",
    "silhouette_score": 0.03652085363864899
  },
  "1": {
    "size": 32164,
    "percentage": 21.169439764111207,
    "token_indices": [
      149856,
      151083,
      150538,
      151030,
      149098,
      150994,
      151547,
      151203,
      150914,
      151036
    ],
    "distances": [
      11.326969146728516,
      11.4072904586792,
      11.422722816467285,
      11.422900199890137,
      11.429046630859375,
      11.431464195251465,
      11.43441104888916,
      11.455985069274902,
      11.456018447875977,
      11.465275764465332
    ],
    "representative_text": "\ufc45\ud37f\u155b\uc9e5\uc3f8\uc4af\uc18a\ufc1c\ub6e9\uca7b",
    "meaningful_text": "\ufc45\ud37f\u155b\uc9e5\uc3f8\uc4af\uc18a\ufc1c\ub6e9\uca7b",
    "silhouette_score": -0.04044456407427788
  },
  "5": {
    "size": 75605,
    "percentage": 49.76108361415333,
    "token_indices": [
      150538,
      151234,
      151083,
      151547,
      151036,
      150914,
      149856,
      150994,
      149463,
      151212
    ],
    "distances": [
      8.745454788208008,
      8.754721641540527,
      8.768160820007324,
      8.77920150756836,
      8.790427207946777,
      8.819026947021484,
      8.827035903930664,
      8.829349517822266,
      8.835254669189453,
      8.838122367858887
    ],
    "representative_text": "\u155b\ufdb0\ud37f\uc18a\uca7b\ub6e9\ufc45\uc4af\ucf1a\ufc48",
    "meaningful_text": "\u155b\ufdb0\ud37f\uc18a\uca7b\ub6e9\ufc45\uc4af\ucf1a\ufc48",
    "silhouette_score": -0.04034459963440895
  },
  "6": {
    "size": 3954,
    "percentage": 2.6024115417017692,
    "token_indices": [
      79270,
      123206,
      151619,
      123531,
      150975,
      150301,
      122596,
      151068,
      103907,
      150992
    ],
    "distances": [
      14.747802734375,
      14.82199764251709,
      14.82710075378418,
      14.832648277282715,
      14.837244033813477,
      14.844706535339355,
      14.848150253295898,
      14.856916427612305,
      14.8576078414917,
      14.86487102508545
    ],
    "representative_text": "ForCanBeConvertedToF\ufffd\ud80c\udfe7\ud86d\udfe6\uc162\ub889\ufffd\ud085\ufffd\uc47b",
    "meaningful_text": "ForCanBeConvertedToF",
    "silhouette_score": 0.011432697996497154
  },
  "7": {
    "size": 36,
    "percentage": 0.02369418702611626,
    "token_indices": [
      68996,
      63461,
      21946,
      58665,
      29157,
      15010,
      59607,
      151229,
      151006,
      149098
    ],
    "distances": [
      34.12849807739258,
      34.587039947509766,
      35.261199951171875,
      35.479347229003906,
      35.51937484741211,
      35.59775161743164,
      35.70856857299805,
      35.827022552490234,
      35.83887481689453,
      35.8509521484375
    ],
    "representative_text": "asociAssociation associate_associ associations association assoc\ufceb\uc60f\uc3f8",
    "meaningful_text": "asociAssociation associations association",
    "silhouette_score": 0.18750274181365967
  }
}