{
  "k_values": [
    1,
    100,
    150,
    200
  ],
  "results": {
    "gpu": {
      "times": [
        0.23919129371643066,
        2.1695547103881836,
        0.5774661302566528,
        0.7410259246826172
      ]
    },
    "cpu": {
      "times": [
        1.0374418497085571,
        6.603022933006287,
        9.780055046081543,
        12.837953567504883
      ]
    }
  },
  "gpu_available": true,
  "cpu_available": true,
  "timestamp": "2025-09-01 14:20:25"
}